<?xml version = '1.0' encoding = 'UTF-8'?>
<Diagram class="oracle.dbtools.crest.swingui.relational.DPVRelational" name="Relational_1" id="E6E50348-0B23-170C-5DF4-91501835EF0B">
<createdBy>Administrator</createdBy>
<modifiedBy>Administrator</modifiedBy>
<createdTime>2016-10-26 00:29:58 UTC</createdTime>
<autoRoute>false</autoRoute>
<boxInbox>true</boxInbox>
<showLegend>false</showLegend>
<showLabels>false</showLabels>
<showRelAttributes>false</showRelAttributes>
<gridEnabled>false</gridEnabled>
<showGrid>false</showGrid>
<diagramColor>-1</diagramColor>
<display>false</display>
<notation>1</notation>
<objectViews>
<OView class="oracle.dbtools.crest.swingui.relational.TVTable" oid="5148638D-1008-4685-8305-9B05F5A5F1B1" otype="Table" vid="0AEF2460-7C2B-059E-B55D-EEBF91FE004E">
<hideElementsInCurrentOnly>false</hideElementsInCurrentOnly>
<bounds x="298" y="285" width="193" height="204"/>
</OView>
<OView class="oracle.dbtools.crest.swingui.relational.TVTable" oid="82C26377-2E32-3E0C-0399-FCF9B3B279FA" otype="Table" vid="C8574ADA-8090-B831-6E7D-4531DE6B87B2">
<hideElementsInCurrentOnly>false</hideElementsInCurrentOnly>
<bounds x="29" y="200" width="186" height="138"/>
</OView>
<OView class="oracle.dbtools.crest.swingui.relational.TVTable" oid="F991C421-CAAA-1925-DB78-1007D2B114D6" otype="Table" vid="E7F0AF6B-8C77-F670-7E8F-E3489D6B02F8">
<hideElementsInCurrentOnly>false</hideElementsInCurrentOnly>
<bounds x="295" y="86" width="186" height="159"/>
</OView>
</objectViews>
<connectors>
<Connector class="oracle.dbtools.crest.swingui.relational.TVFKRelation" oid="37FBE9B4-6E6C-9315-5225-E80A2AECB383" otype="FKIndexAssociation" vid_source="C8574ADA-8090-B831-6E7D-4531DE6B87B2" vid_target="0AEF2460-7C2B-059E-B55D-EEBF91FE004E">
<hideElementsInCurrentOnly>false</hideElementsInCurrentOnly>
<lineWidth>1</lineWidth>
<points>
<point x="215" y="312"/>
<point x="298" y="323"/>
</points>
</Connector>
<Connector class="oracle.dbtools.crest.swingui.relational.TVFKRelation" oid="75A4E341-FB2B-F9D0-63E9-4F68151AD829" otype="FKIndexAssociation" vid_source="C8574ADA-8090-B831-6E7D-4531DE6B87B2" vid_target="E7F0AF6B-8C77-F670-7E8F-E3489D6B02F8">
<hideElementsInCurrentOnly>false</hideElementsInCurrentOnly>
<lineWidth>1</lineWidth>
<points>
<point x="215" y="223"/>
<point x="295" y="156"/>
</points>
</Connector>
</connectors>
</Diagram>