<?xml version = '1.0' encoding = 'UTF-8'?>
<Table class="oracle.dbtools.crest.model.design.relational.Table" directorySegmentName="seg_0" id="5148638D-1008-4685-8305-9B05F5A5F1B1" name="photoboard">
<createdBy>Administrator</createdBy>
<createdTime>2016-10-26 00:31:26 UTC</createdTime>
<ownerDesignName>DB모델링</ownerDesignName>
<ordsAlias>table_3</ordsAlias>
<allowColumnReorder>false</allowColumnReorder>
<existDependencyGenerateInDDl>true</existDependencyGenerateInDDl>
<parsed>true</parsed>
<columns itemClass="oracle.dbtools.crest.model.design.relational.Column">
<Column name="bno" id="A71F43CA-C527-5588-3D4F-5D21BFD31232">
<createdBy>Administrator</createdBy>
<createdTime>2016-10-26 00:49:48 UTC</createdTime>
<ownerDesignName>DB모델링</ownerDesignName>
<useDomainConstraints>false</useDomainConstraints>
<use>1</use>
<logicalDatatype>LOGDT019</logicalDatatype>
<dataTypePrecision>10</dataTypePrecision>
<ownDataTypeParameters>,10,</ownDataTypeParameters>
<autoIncrementCycle>false</autoIncrementCycle>
</Column>
<Column name="btitle" id="33D08B97-E997-9179-29F8-F32E4C415A24">
<createdBy>Administrator</createdBy>
<createdTime>2016-10-26 00:49:48 UTC</createdTime>
<ownerDesignName>DB모델링</ownerDesignName>
<useDomainConstraints>false</useDomainConstraints>
<use>1</use>
<logicalDatatype>LOGDT024</logicalDatatype>
<dataTypeSize>100</dataTypeSize>
<ownDataTypeParameters>100,,</ownDataTypeParameters>
<autoIncrementCycle>false</autoIncrementCycle>
</Column>
<Column name="bcontent" id="9CCEFBCB-3C0F-ED7C-A37B-3C8DC685A529">
<createdBy>Administrator</createdBy>
<createdTime>2016-10-26 00:49:48 UTC</createdTime>
<ownerDesignName>DB모델링</ownerDesignName>
<useDomainConstraints>false</useDomainConstraints>
<use>1</use>
<logicalDatatype>LOGDT028</logicalDatatype>
<ownDataTypeParameters>,,</ownDataTypeParameters>
<autoIncrementCycle>false</autoIncrementCycle>
</Column>
<Column name="bwriter" id="55C275CE-D1C3-FE71-102C-B5DDDB8BC4E5">
<createdBy>Administrator</createdBy>
<createdTime>2016-10-26 00:49:48 UTC</createdTime>
<ownerDesignName>DB모델링</ownerDesignName>
<useDomainConstraints>false</useDomainConstraints>
<use>1</use>
<logicalDatatype>LOGDT024</logicalDatatype>
<dataTypeSize>15</dataTypeSize>
<ownDataTypeParameters>15,,</ownDataTypeParameters>
<autoIncrementCycle>false</autoIncrementCycle>
<associations>
<colAssociation fkAssociation="37FBE9B4-6E6C-9315-5225-E80A2AECB383" referredColumn="1E0C7544-1849-964D-4175-63953E84AEE8"/>
</associations>
</Column>
<Column name="bhitcount" id="6F6A665B-223D-7011-806A-3E5FCF352FE5">
<createdBy>Administrator</createdBy>
<createdTime>2016-10-26 00:49:48 UTC</createdTime>
<ownerDesignName>DB모델링</ownerDesignName>
<useDomainConstraints>false</useDomainConstraints>
<use>1</use>
<logicalDatatype>LOGDT019</logicalDatatype>
<dataTypePrecision>5</dataTypePrecision>
<ownDataTypeParameters>,5,</ownDataTypeParameters>
<autoIncrementCycle>false</autoIncrementCycle>
</Column>
<Column name="bdate" id="4579EB39-D049-BEBD-6BD2-769729886CAA">
<createdBy>Administrator</createdBy>
<createdTime>2016-10-26 00:49:48 UTC</createdTime>
<ownerDesignName>DB모델링</ownerDesignName>
<useDomainConstraints>false</useDomainConstraints>
<use>1</use>
<logicalDatatype>LOGDT007</logicalDatatype>
<ownDataTypeParameters>,,</ownDataTypeParameters>
<autoIncrementCycle>false</autoIncrementCycle>
</Column>
<Column name="originalfile" id="4FC4B118-0BB5-BF21-9EC0-717983373E30">
<createdBy>Administrator</createdBy>
<createdTime>2016-10-26 00:49:48 UTC</createdTime>
<ownerDesignName>DB모델링</ownerDesignName>
<useDomainConstraints>false</useDomainConstraints>
<use>1</use>
<logicalDatatype>LOGDT024</logicalDatatype>
<dataTypeSize>50</dataTypeSize>
<ownDataTypeParameters>50,,</ownDataTypeParameters>
<autoIncrementCycle>false</autoIncrementCycle>
</Column>
<Column name="savedfile" id="59EB7E5F-B86A-1DB3-3609-BFB951703DC4">
<createdBy>Administrator</createdBy>
<createdTime>2016-10-26 00:49:48 UTC</createdTime>
<ownerDesignName>DB모델링</ownerDesignName>
<useDomainConstraints>false</useDomainConstraints>
<use>1</use>
<logicalDatatype>LOGDT024</logicalDatatype>
<dataTypeSize>50</dataTypeSize>
<ownDataTypeParameters>50,,</ownDataTypeParameters>
<autoIncrementCycle>false</autoIncrementCycle>
</Column>
<Column name="mimetype" id="987355EA-4B18-3E56-6416-F354B938A3D1">
<createdBy>Administrator</createdBy>
<createdTime>2016-10-26 00:49:48 UTC</createdTime>
<ownerDesignName>DB모델링</ownerDesignName>
<useDomainConstraints>false</useDomainConstraints>
<use>1</use>
<logicalDatatype>LOGDT024</logicalDatatype>
<dataTypeSize>50</dataTypeSize>
<ownDataTypeParameters>50,,</ownDataTypeParameters>
<autoIncrementCycle>false</autoIncrementCycle>
</Column>
</columns>
<indexes itemClass="oracle.dbtools.crest.model.design.relational.Index">
<ind_PK_UK id="FD02C55D-C9D9-2063-E655-E4000F529AD5" name="photoboard_PK">
<createdBy>Administrator</createdBy>
<createdTime>2016-10-26 03:26:06 UTC</createdTime>
<ownerDesignName>DB모델링</ownerDesignName>
<pk>true</pk>
<indexState>Primary Constraint</indexState>
<isSurrogateKey>false</isSurrogateKey>
<indexColumnUsage>
<colUsage columnID="A71F43CA-C527-5588-3D4F-5D21BFD31232"/>
</indexColumnUsage>
</ind_PK_UK>
<ind_PK_UK id="3FB6DEA1-43DB-52A6-0DE5-94D0AC776E5B" name="photoboard_member_FK">
<createdBy>Administrator</createdBy>
<createdTime>2016-10-26 03:26:36 UTC</createdTime>
<ownerDesignName>DB모델링</ownerDesignName>
<indexState>Foreign Key</indexState>
<isSurrogateKey>false</isSurrogateKey>
<indexColumnUsage>
<colUsage columnID="55C275CE-D1C3-FE71-102C-B5DDDB8BC4E5"/>
</indexColumnUsage>
</ind_PK_UK>
</indexes>
</Table>