<?xml version = '1.0' encoding = 'UTF-8'?>
<Table class="oracle.dbtools.crest.model.design.relational.Table" directorySegmentName="seg_0" id="82C26377-2E32-3E0C-0399-FCF9B3B279FA" name="member">
<createdBy>Administrator</createdBy>
<createdTime>2016-10-26 00:30:58 UTC</createdTime>
<ownerDesignName>DB모델링</ownerDesignName>
<ordsAlias>table_1</ordsAlias>
<allowColumnReorder>false</allowColumnReorder>
<existDependencyGenerateInDDl>true</existDependencyGenerateInDDl>
<parsed>true</parsed>
<columns itemClass="oracle.dbtools.crest.model.design.relational.Column">
<Column name="mid" id="1E0C7544-1849-964D-4175-63953E84AEE8">
<createdBy>Administrator</createdBy>
<createdTime>2016-10-26 00:34:03 UTC</createdTime>
<ownerDesignName>DB모델링</ownerDesignName>
<useDomainConstraints>false</useDomainConstraints>
<use>1</use>
<logicalDatatype>LOGDT024</logicalDatatype>
<dataTypeSize>15</dataTypeSize>
<ownDataTypeParameters>15,,</ownDataTypeParameters>
<autoIncrementCycle>false</autoIncrementCycle>
</Column>
<Column name="mname" id="CBB22EE9-D3CA-63E8-482D-32AB4709D13D">
<createdBy>Administrator</createdBy>
<createdTime>2016-10-26 00:34:03 UTC</createdTime>
<ownerDesignName>DB모델링</ownerDesignName>
<useDomainConstraints>false</useDomainConstraints>
<use>1</use>
<logicalDatatype>LOGDT024</logicalDatatype>
<dataTypeSize>20</dataTypeSize>
<ownDataTypeParameters>20,,</ownDataTypeParameters>
<autoIncrementCycle>false</autoIncrementCycle>
</Column>
<Column name="mpassword" id="C80C26B6-51B4-B683-0705-47D321485E34">
<createdBy>Administrator</createdBy>
<createdTime>2016-10-26 00:35:11 UTC</createdTime>
<ownerDesignName>DB모델링</ownerDesignName>
<useDomainConstraints>false</useDomainConstraints>
<use>1</use>
<logicalDatatype>LOGDT024</logicalDatatype>
<dataTypeSize>15</dataTypeSize>
<ownDataTypeParameters>15,,</ownDataTypeParameters>
<autoIncrementCycle>false</autoIncrementCycle>
</Column>
<Column name="maddress" id="7C2FA55F-C9B0-1B1F-7EF8-DF78EB79C94F">
<createdBy>Administrator</createdBy>
<createdTime>2016-10-26 00:35:11 UTC</createdTime>
<ownerDesignName>DB모델링</ownerDesignName>
<nullsAllowed>true</nullsAllowed>
<useDomainConstraints>false</useDomainConstraints>
<use>1</use>
<logicalDatatype>LOGDT024</logicalDatatype>
<dataTypeSize>100</dataTypeSize>
<ownDataTypeParameters>100,,</ownDataTypeParameters>
<autoIncrementCycle>false</autoIncrementCycle>
</Column>
<Column name="mtel" id="CC89F8D4-C918-B895-F1A2-9D1B87E89C55">
<createdBy>Administrator</createdBy>
<createdTime>2016-10-26 00:35:11 UTC</createdTime>
<ownerDesignName>DB모델링</ownerDesignName>
<useDomainConstraints>false</useDomainConstraints>
<use>1</use>
<logicalDatatype>LOGDT024</logicalDatatype>
<dataTypeSize>15</dataTypeSize>
<ownDataTypeParameters>15,,</ownDataTypeParameters>
<autoIncrementCycle>false</autoIncrementCycle>
</Column>
<Column name="memail" id="3E5C9BFD-6CE4-3DCF-BF4F-91C889B4650E">
<createdBy>Administrator</createdBy>
<createdTime>2016-10-26 00:35:11 UTC</createdTime>
<ownerDesignName>DB모델링</ownerDesignName>
<useDomainConstraints>false</useDomainConstraints>
<use>1</use>
<logicalDatatype>LOGDT024</logicalDatatype>
<dataTypeSize>50</dataTypeSize>
<ownDataTypeParameters>50,,</ownDataTypeParameters>
<autoIncrementCycle>false</autoIncrementCycle>
</Column>
</columns>
<indexes itemClass="oracle.dbtools.crest.model.design.relational.Index">
<ind_PK_UK id="22718A7A-8E1A-FD15-900B-BEF997B0C342" name="member_PK">
<createdBy>Administrator</createdBy>
<createdTime>2016-10-26 00:51:00 UTC</createdTime>
<ownerDesignName>DB모델링</ownerDesignName>
<pk>true</pk>
<indexState>Primary Constraint</indexState>
<isSurrogateKey>false</isSurrogateKey>
<indexColumnUsage>
<colUsage columnID="1E0C7544-1849-964D-4175-63953E84AEE8"/>
</indexColumnUsage>
</ind_PK_UK>
</indexes>
</Table>