<?xml version = '1.0' encoding = 'UTF-8'?>
<FKIndexAssociation class="oracle.dbtools.crest.model.design.relational.FKIndexAssociation" directorySegmentName="seg_0" id="0683680D-6D07-4CD6-12EC-10EB3B1201F8" containerWithKeyObject="796F58C6-D466-B23D-7238-40CC6DD9A9FC" localFKIndex="E12A411E-CF4E-1253-D0FE-E1F19E3ADBBE" name="Coupon_Restaurant_FK">
<createdBy>Administrator</createdBy>
<createdTime>2016-11-09 01:31:41 UTC</createdTime>
<ownerDesignName>DB모델링</ownerDesignName>
<deleteRule>NO ACTION</deleteRule>
<referredTableID>30325B2B-4C64-83BA-14D5-83EE1FE7374E</referredTableID>
<keyObject>64C0C206-650E-C0E5-675F-4CCD4B343DC1</keyObject>
<referredKeyID>64C0C206-650E-C0E5-675F-4CCD4B343DC1</referredKeyID>
<mandatory>true</mandatory>
<transferable>true</transferable>
<rely>false</rely>
<columnDependencyConstraintGenerateInDDL>true</columnDependencyConstraintGenerateInDDL>
</FKIndexAssociation>