<?xml version = '1.0' encoding = 'UTF-8'?>
<FKIndexAssociation class="oracle.dbtools.crest.model.design.relational.FKIndexAssociation" directorySegmentName="seg_0" id="33C5D5ED-3A6B-D5C9-866D-255FA0BC6942" containerWithKeyObject="D4EA636E-DC56-7056-921C-AC3E82DF2122" localFKIndex="28C6804C-287D-F488-57B8-93C754D02322" name="Review_Restaurant_FK">
<createdBy>Administrator</createdBy>
<createdTime>2016-11-09 01:24:05 UTC</createdTime>
<ownerDesignName>DB모델링</ownerDesignName>
<deleteRule>NO ACTION</deleteRule>
<referredTableID>30325B2B-4C64-83BA-14D5-83EE1FE7374E</referredTableID>
<keyObject>64C0C206-650E-C0E5-675F-4CCD4B343DC1</keyObject>
<referredKeyID>64C0C206-650E-C0E5-675F-4CCD4B343DC1</referredKeyID>
<mandatory>true</mandatory>
<transferable>true</transferable>
<rely>false</rely>
<columnDependencyConstraintGenerateInDDL>true</columnDependencyConstraintGenerateInDDL>
</FKIndexAssociation>