<?xml version = '1.0' encoding = 'UTF-8'?>
<FKIndexAssociation class="oracle.dbtools.crest.model.design.relational.FKIndexAssociation" directorySegmentName="seg_0" id="3FF41394-EF1D-3311-1463-CEC9A21B41BA" containerWithKeyObject="220B488A-5D87-5798-7F15-C3E569FF606B" localFKIndex="4B0CC534-630A-C025-7FCF-7F10A632B118" name="Event_MenuList_FK">
<createdBy>Administrator</createdBy>
<createdTime>2016-11-09 01:30:33 UTC</createdTime>
<ownerDesignName>DB모델링</ownerDesignName>
<deleteRule>NO ACTION</deleteRule>
<referredTableID>5D95806B-9E22-1477-160F-C785BFECFE6E</referredTableID>
<keyObject>E5804005-2A38-16D7-988C-645DB1AB3BDE</keyObject>
<referredKeyID>E5804005-2A38-16D7-988C-645DB1AB3BDE</referredKeyID>
<mandatory>true</mandatory>
<transferable>true</transferable>
<rely>false</rely>
<columnDependencyConstraintGenerateInDDL>true</columnDependencyConstraintGenerateInDDL>
</FKIndexAssociation>