<?xml version = '1.0' encoding = 'UTF-8'?>
<FKIndexAssociation class="oracle.dbtools.crest.model.design.relational.FKIndexAssociation" directorySegmentName="seg_0" id="45E8462F-848A-F36A-8C6B-B4D055CC1339" containerWithKeyObject="32556843-3803-3081-145A-6FB33E053A41" localFKIndex="A4B69946-5CB8-4BC2-BAD0-EB8650789933" name="Reservation_Restaurant_FK">
<createdBy>Administrator</createdBy>
<createdTime>2016-11-09 05:27:30 UTC</createdTime>
<ownerDesignName>DB모델링</ownerDesignName>
<deleteRule>NO ACTION</deleteRule>
<referredTableID>30325B2B-4C64-83BA-14D5-83EE1FE7374E</referredTableID>
<keyObject>64C0C206-650E-C0E5-675F-4CCD4B343DC1</keyObject>
<referredKeyID>64C0C206-650E-C0E5-675F-4CCD4B343DC1</referredKeyID>
<mandatory>true</mandatory>
<transferable>true</transferable>
<rely>false</rely>
<columnDependencyConstraintGenerateInDDL>true</columnDependencyConstraintGenerateInDDL>
</FKIndexAssociation>