<?xml version = '1.0' encoding = 'UTF-8'?>
<FKIndexAssociation class="oracle.dbtools.crest.model.design.relational.FKIndexAssociation" directorySegmentName="seg_0" id="590BFE1C-5E35-00CE-CE8D-EBD004D40C41" containerWithKeyObject="D4EA636E-DC56-7056-921C-AC3E82DF2122" localFKIndex="97F61901-43F9-94FE-615D-47AAB6067B40" name="Review_Member_FK">
<createdBy>Administrator</createdBy>
<createdTime>2016-11-09 01:23:50 UTC</createdTime>
<ownerDesignName>DB모델링</ownerDesignName>
<deleteRule>NO ACTION</deleteRule>
<referredTableID>0AD6D749-A82C-4FAD-B7B9-4402CC874D78</referredTableID>
<keyObject>B1A68A03-2247-A72D-E904-731CF00E490F</keyObject>
<referredKeyID>B1A68A03-2247-A72D-E904-731CF00E490F</referredKeyID>
<mandatory>true</mandatory>
<transferable>true</transferable>
<rely>false</rely>
<columnDependencyConstraintGenerateInDDL>true</columnDependencyConstraintGenerateInDDL>
</FKIndexAssociation>