<?xml version = '1.0' encoding = 'UTF-8'?>
<Table class="oracle.dbtools.crest.model.design.relational.Table" directorySegmentName="seg_0" id="0AD6D749-A82C-4FAD-B7B9-4402CC874D78" name="Member">
<createdBy>Hallu</createdBy>
<createdTime>2016-11-08 12:44:03 UTC</createdTime>
<ownerDesignName>DB모델링</ownerDesignName>
<ordsAlias>table_2</ordsAlias>
<allowColumnReorder>false</allowColumnReorder>
<existDependencyGenerateInDDl>true</existDependencyGenerateInDDl>
<parsed>true</parsed>
<columns itemClass="oracle.dbtools.crest.model.design.relational.Column">
<Column name="mid" id="537302D5-456D-E97E-E8E2-8DBEE46E83EB">
<createdBy>Hallu</createdBy>
<createdTime>2016-11-08 12:47:55 UTC</createdTime>
<ownerDesignName>DB모델링</ownerDesignName>
<useDomainConstraints>false</useDomainConstraints>
<use>1</use>
<logicalDatatype>LOGDT024</logicalDatatype>
<dataTypeSize>20</dataTypeSize>
<ownDataTypeParameters>20,,</ownDataTypeParameters>
<autoIncrementCycle>false</autoIncrementCycle>
</Column>
<Column name="mname" id="FE69E87F-A1D2-889A-B5EC-5AC88D2C9D9C">
<createdBy>Hallu</createdBy>
<createdTime>2016-11-08 12:47:55 UTC</createdTime>
<ownerDesignName>DB모델링</ownerDesignName>
<useDomainConstraints>false</useDomainConstraints>
<use>1</use>
<logicalDatatype>LOGDT024</logicalDatatype>
<dataTypeSize>15</dataTypeSize>
<ownDataTypeParameters>15,,</ownDataTypeParameters>
<autoIncrementCycle>false</autoIncrementCycle>
</Column>
<Column name="mpassword" id="A7F447A8-F83F-C35D-E9DE-8675600BB07B">
<createdBy>Hallu</createdBy>
<createdTime>2016-11-08 12:47:55 UTC</createdTime>
<ownerDesignName>DB모델링</ownerDesignName>
<useDomainConstraints>false</useDomainConstraints>
<use>1</use>
<logicalDatatype>LOGDT024</logicalDatatype>
<dataTypeSize>20</dataTypeSize>
<ownDataTypeParameters>20,,</ownDataTypeParameters>
<autoIncrementCycle>false</autoIncrementCycle>
</Column>
<Column name="mphone" id="14ADBF97-F9EE-4084-E908-4C456B32F9E2">
<createdBy>Hallu</createdBy>
<createdTime>2016-11-08 12:47:55 UTC</createdTime>
<ownerDesignName>DB모델링</ownerDesignName>
<useDomainConstraints>false</useDomainConstraints>
<use>1</use>
<logicalDatatype>LOGDT024</logicalDatatype>
<dataTypeSize>15</dataTypeSize>
<ownDataTypeParameters>15,,</ownDataTypeParameters>
<autoIncrementCycle>false</autoIncrementCycle>
</Column>
<Column name="mbirth" id="80C77E85-0308-53BB-F949-8FDB0C036F61">
<createdBy>Hallu</createdBy>
<createdTime>2016-11-08 12:47:55 UTC</createdTime>
<ownerDesignName>DB모델링</ownerDesignName>
<useDomainConstraints>false</useDomainConstraints>
<use>1</use>
<logicalDatatype>LOGDT007</logicalDatatype>
<ownDataTypeParameters>,,</ownDataTypeParameters>
<autoIncrementCycle>false</autoIncrementCycle>
</Column>
<Column name="mlocation" id="A72A0928-8CA0-CD1D-8695-1C197D934A97">
<createdBy>Hallu</createdBy>
<createdTime>2016-11-08 12:47:55 UTC</createdTime>
<ownerDesignName>DB모델링</ownerDesignName>
<useDomainConstraints>false</useDomainConstraints>
<use>1</use>
<logicalDatatype>LOGDT024</logicalDatatype>
<dataTypeSize>40</dataTypeSize>
<ownDataTypeParameters>40,,</ownDataTypeParameters>
<autoIncrementCycle>false</autoIncrementCycle>
</Column>
<Column name="mrank" id="710E2308-429E-5308-33CF-19AE43815CF4">
<createdBy>Hallu</createdBy>
<createdTime>2016-11-08 12:47:55 UTC</createdTime>
<ownerDesignName>DB모델링</ownerDesignName>
<useDomainConstraints>false</useDomainConstraints>
<use>1</use>
<logicalDatatype>LOGDT019</logicalDatatype>
<dataTypePrecision>1</dataTypePrecision>
<ownDataTypeParameters>,1,</ownDataTypeParameters>
<autoIncrementCycle>false</autoIncrementCycle>
</Column>
<Column name="mpoint" id="5FDCC2EE-D3C6-E437-BDE5-1F91EEA46E19">
<createdBy>Hallu</createdBy>
<createdTime>2016-11-08 12:56:42 UTC</createdTime>
<ownerDesignName>DB모델링</ownerDesignName>
<nullsAllowed>true</nullsAllowed>
<useDomainConstraints>false</useDomainConstraints>
<use>1</use>
<logicalDatatype>LOGDT019</logicalDatatype>
<dataTypePrecision>7</dataTypePrecision>
<ownDataTypeParameters>,7,</ownDataTypeParameters>
<autoIncrementCycle>false</autoIncrementCycle>
</Column>
<Column name="mresid" id="F526795C-7F8C-89AB-3B03-789BB2A83CB4">
<createdBy>Hallu</createdBy>
<createdTime>2016-11-08 12:56:42 UTC</createdTime>
<ownerDesignName>DB모델링</ownerDesignName>
<useDomainConstraints>false</useDomainConstraints>
<use>1</use>
<logicalDatatype>LOGDT019</logicalDatatype>
<dataTypePrecision>6</dataTypePrecision>
<ownDataTypeParameters>,6,</ownDataTypeParameters>
<autoIncrementCycle>false</autoIncrementCycle>
<associations>
<colAssociation fkAssociation="76483DAA-8D16-64C3-EE6B-FD7C94C67ACA" referredColumn="54AA2AAF-E9AD-6187-941F-5A5515B91C95"/>
</associations>
</Column>
</columns>
<indexes itemClass="oracle.dbtools.crest.model.design.relational.Index">
<ind_PK_UK id="B1A68A03-2247-A72D-E904-731CF00E490F" name="Member_PK">
<createdBy>Hallu</createdBy>
<createdTime>2016-11-08 12:47:55 UTC</createdTime>
<ownerDesignName>DB모델링</ownerDesignName>
<pk>true</pk>
<indexState>Primary Constraint</indexState>
<isSurrogateKey>false</isSurrogateKey>
<indexColumnUsage>
<colUsage columnID="537302D5-456D-E97E-E8E2-8DBEE46E83EB"/>
</indexColumnUsage>
</ind_PK_UK>
<ind_PK_UK id="CBC2388A-0816-EBA4-2710-18A0B2A4FF8F" name="Member_Restaurant_FK">
<createdBy>Administrator</createdBy>
<createdTime>2016-11-09 01:22:52 UTC</createdTime>
<ownerDesignName>DB모델링</ownerDesignName>
<indexState>Foreign Key</indexState>
<isSurrogateKey>false</isSurrogateKey>
<indexColumnUsage>
<colUsage columnID="F526795C-7F8C-89AB-3B03-789BB2A83CB4"/>
</indexColumnUsage>
</ind_PK_UK>
</indexes>
</Table>