<?xml version = '1.0' encoding = 'UTF-8'?>
<Table class="oracle.dbtools.crest.model.design.relational.Table" directorySegmentName="seg_0" id="220B488A-5D87-5798-7F15-C3E569FF606B" name="Event">
<createdBy>Hallu</createdBy>
<createdTime>2016-11-08 13:40:05 UTC</createdTime>
<ownerDesignName>DB모델링</ownerDesignName>
<ordsAlias>table_8</ordsAlias>
<allowColumnReorder>false</allowColumnReorder>
<existDependencyGenerateInDDl>true</existDependencyGenerateInDDl>
<parsed>true</parsed>
<columns itemClass="oracle.dbtools.crest.model.design.relational.Column">
<Column name="ename" id="10AE3413-CEF0-FB74-89B1-D979ED93306A">
<createdBy>Hallu</createdBy>
<createdTime>2016-11-08 13:46:02 UTC</createdTime>
<ownerDesignName>DB모델링</ownerDesignName>
<useDomainConstraints>false</useDomainConstraints>
<use>1</use>
<logicalDatatype>LOGDT024</logicalDatatype>
<dataTypeSize>30</dataTypeSize>
<ownDataTypeParameters>30,,</ownDataTypeParameters>
<autoIncrementCycle>false</autoIncrementCycle>
</Column>
<Column name="eresid" id="99ADBF74-F3C0-0357-0D6D-E0ED8DD40267">
<createdBy>Hallu</createdBy>
<createdTime>2016-11-08 13:46:02 UTC</createdTime>
<ownerDesignName>DB모델링</ownerDesignName>
<useDomainConstraints>false</useDomainConstraints>
<use>1</use>
<logicalDatatype>LOGDT019</logicalDatatype>
<dataTypePrecision>6</dataTypePrecision>
<ownDataTypeParameters>,6,</ownDataTypeParameters>
<autoIncrementCycle>false</autoIncrementCycle>
<associations>
<colAssociation fkAssociation="974DEAC6-2A17-F9C5-4030-998A6C925134" referredColumn="54AA2AAF-E9AD-6187-941F-5A5515B91C95"/>
<colAssociation fkAssociation="3FF41394-EF1D-3311-1463-CEC9A21B41BA" referredColumn="6CEC7491-4FE5-A28D-E419-9A135DC9F2E9"/>
</associations>
</Column>
<Column name="ephoto" id="17F6F77A-5A59-4983-9CB0-B590AF572E18">
<createdBy>Hallu</createdBy>
<createdTime>2016-11-08 13:46:02 UTC</createdTime>
<ownerDesignName>DB모델링</ownerDesignName>
<nullsAllowed>true</nullsAllowed>
<useDomainConstraints>false</useDomainConstraints>
<use>1</use>
<logicalDatatype>LOGDT024</logicalDatatype>
<dataTypeSize>50</dataTypeSize>
<ownDataTypeParameters>50,,</ownDataTypeParameters>
<autoIncrementCycle>false</autoIncrementCycle>
</Column>
<Column name="einfo" id="BB7C8848-87E9-5244-87EF-6440B075A8C1">
<createdBy>Hallu</createdBy>
<createdTime>2016-11-08 13:46:02 UTC</createdTime>
<ownerDesignName>DB모델링</ownerDesignName>
<useDomainConstraints>false</useDomainConstraints>
<use>1</use>
<logicalDatatype>LOGDT024</logicalDatatype>
<dataTypeSize>100</dataTypeSize>
<ownDataTypeParameters>100,,</ownDataTypeParameters>
<autoIncrementCycle>false</autoIncrementCycle>
</Column>
<Column name="emlname" id="D8718F11-9B61-6706-6A4D-9F02404617BD">
<createdBy>Hallu</createdBy>
<createdTime>2016-11-08 13:46:02 UTC</createdTime>
<ownerDesignName>DB모델링</ownerDesignName>
<useDomainConstraints>false</useDomainConstraints>
<use>1</use>
<logicalDatatype>LOGDT024</logicalDatatype>
<dataTypeSize>20</dataTypeSize>
<ownDataTypeParameters>20,,</ownDataTypeParameters>
<autoIncrementCycle>false</autoIncrementCycle>
<associations>
<colAssociation fkAssociation="3FF41394-EF1D-3311-1463-CEC9A21B41BA" referredColumn="819D8EDB-153C-55BB-EEFB-367851FF9379"/>
</associations>
</Column>
<Column name="eprice" id="02AB8E3D-C070-7520-3C03-7AE4A6B91915">
<createdBy>Hallu</createdBy>
<createdTime>2016-11-08 13:46:02 UTC</createdTime>
<ownerDesignName>DB모델링</ownerDesignName>
<useDomainConstraints>false</useDomainConstraints>
<use>1</use>
<logicalDatatype>LOGDT019</logicalDatatype>
<dataTypePrecision>7</dataTypePrecision>
<ownDataTypeParameters>,7,</ownDataTypeParameters>
<autoIncrementCycle>false</autoIncrementCycle>
</Column>
</columns>
<indexes itemClass="oracle.dbtools.crest.model.design.relational.Index">
<ind_PK_UK id="C9254F2F-FF6B-6475-1BF2-B66EF9658648" name="Event_PK">
<createdBy>Park</createdBy>
<createdTime>2016-11-08 15:11:37 UTC</createdTime>
<ownerDesignName>DB모델링</ownerDesignName>
<pk>true</pk>
<indexState>Primary Constraint</indexState>
<isSurrogateKey>false</isSurrogateKey>
<indexColumnUsage>
<colUsage columnID="99ADBF74-F3C0-0357-0D6D-E0ED8DD40267"/>
<colUsage columnID="D8718F11-9B61-6706-6A4D-9F02404617BD"/>
</indexColumnUsage>
</ind_PK_UK>
<ind_PK_UK id="110A9EB8-9D66-B895-0DD1-F28E0843FAC2" name="Event_Restaurant_FK">
<createdBy>Administrator</createdBy>
<createdTime>2016-11-09 01:30:09 UTC</createdTime>
<ownerDesignName>DB모델링</ownerDesignName>
<indexState>Foreign Key</indexState>
<isSurrogateKey>false</isSurrogateKey>
<indexColumnUsage>
<colUsage columnID="99ADBF74-F3C0-0357-0D6D-E0ED8DD40267"/>
</indexColumnUsage>
</ind_PK_UK>
<ind_PK_UK id="4B0CC534-630A-C025-7FCF-7F10A632B118" name="Event_MenuList_FK">
<createdBy>Administrator</createdBy>
<createdTime>2016-11-09 01:30:33 UTC</createdTime>
<ownerDesignName>DB모델링</ownerDesignName>
<indexState>Foreign Key</indexState>
<isSurrogateKey>false</isSurrogateKey>
<indexColumnUsage>
<colUsage columnID="99ADBF74-F3C0-0357-0D6D-E0ED8DD40267"/>
<colUsage columnID="D8718F11-9B61-6706-6A4D-9F02404617BD"/>
</indexColumnUsage>
</ind_PK_UK>
</indexes>
</Table>