<?xml version = '1.0' encoding = 'UTF-8'?>
<Table class="oracle.dbtools.crest.model.design.relational.Table" directorySegmentName="seg_0" id="5D95806B-9E22-1477-160F-C785BFECFE6E" name="MenuList">
<createdBy>Hallu</createdBy>
<createdTime>2016-11-08 13:30:04 UTC</createdTime>
<ownerDesignName>DB모델링</ownerDesignName>
<ordsAlias>table_7</ordsAlias>
<allowColumnReorder>false</allowColumnReorder>
<existDependencyGenerateInDDl>true</existDependencyGenerateInDDl>
<parsed>true</parsed>
<columns itemClass="oracle.dbtools.crest.model.design.relational.Column">
<Column name="mlname" id="819D8EDB-153C-55BB-EEFB-367851FF9379">
<createdBy>Hallu</createdBy>
<createdTime>2016-11-08 13:40:01 UTC</createdTime>
<ownerDesignName>DB모델링</ownerDesignName>
<useDomainConstraints>false</useDomainConstraints>
<use>1</use>
<logicalDatatype>LOGDT024</logicalDatatype>
<dataTypeSize>20</dataTypeSize>
<ownDataTypeParameters>20,,</ownDataTypeParameters>
<autoIncrementCycle>false</autoIncrementCycle>
</Column>
<Column name="mlprice" id="A180A9EB-BF08-8635-7353-E11F1FE28145">
<createdBy>Hallu</createdBy>
<createdTime>2016-11-08 13:40:01 UTC</createdTime>
<ownerDesignName>DB모델링</ownerDesignName>
<useDomainConstraints>false</useDomainConstraints>
<use>1</use>
<logicalDatatype>LOGDT019</logicalDatatype>
<dataTypePrecision>7</dataTypePrecision>
<ownDataTypeParameters>,7,</ownDataTypeParameters>
<autoIncrementCycle>false</autoIncrementCycle>
</Column>
<Column name="mlresid" id="6CEC7491-4FE5-A28D-E419-9A135DC9F2E9">
<createdBy>Hallu</createdBy>
<createdTime>2016-11-08 13:40:01 UTC</createdTime>
<ownerDesignName>DB모델링</ownerDesignName>
<useDomainConstraints>false</useDomainConstraints>
<use>1</use>
<logicalDatatype>LOGDT019</logicalDatatype>
<dataTypePrecision>6</dataTypePrecision>
<ownDataTypeParameters>,6,</ownDataTypeParameters>
<autoIncrementCycle>false</autoIncrementCycle>
<associations>
<colAssociation fkAssociation="A8B32C4F-5243-4519-C18A-E66C32EEA9D5" referredColumn="54AA2AAF-E9AD-6187-941F-5A5515B91C95"/>
</associations>
</Column>
<Column name="mlinfo" id="59507459-2443-62C6-57F1-A3ABC4275B6A">
<createdBy>Hallu</createdBy>
<createdTime>2016-11-08 13:40:01 UTC</createdTime>
<ownerDesignName>DB모델링</ownerDesignName>
<nullsAllowed>true</nullsAllowed>
<useDomainConstraints>false</useDomainConstraints>
<use>1</use>
<logicalDatatype>LOGDT024</logicalDatatype>
<dataTypeSize>100</dataTypeSize>
<ownDataTypeParameters>100,,</ownDataTypeParameters>
<autoIncrementCycle>false</autoIncrementCycle>
</Column>
<Column name="mlphoto" id="69A6F36F-0C51-CAB2-4480-ED27ED75DE63">
<createdBy>Hallu</createdBy>
<createdTime>2016-11-08 13:40:01 UTC</createdTime>
<ownerDesignName>DB모델링</ownerDesignName>
<useDomainConstraints>false</useDomainConstraints>
<use>1</use>
<logicalDatatype>LOGDT024</logicalDatatype>
<ownDataTypeParameters>,,</ownDataTypeParameters>
<autoIncrementCycle>false</autoIncrementCycle>
</Column>
<Column name="mlishot" id="088EC9C0-7696-4EA6-5894-070A350AD30B">
<createdBy>Hallu</createdBy>
<createdTime>2016-11-08 13:40:01 UTC</createdTime>
<ownerDesignName>DB모델링</ownerDesignName>
<useDomainConstraints>false</useDomainConstraints>
<use>1</use>
<logicalDatatype>LOGDT006</logicalDatatype>
<dataTypeSize>1</dataTypeSize>
<ownDataTypeParameters>1,,</ownDataTypeParameters>
<autoIncrementCycle>false</autoIncrementCycle>
</Column>
</columns>
<indexes itemClass="oracle.dbtools.crest.model.design.relational.Index">
<ind_PK_UK id="E5804005-2A38-16D7-988C-645DB1AB3BDE" name="MenuList_PK">
<createdBy>Hallu</createdBy>
<createdTime>2016-11-08 13:40:01 UTC</createdTime>
<ownerDesignName>DB모델링</ownerDesignName>
<pk>true</pk>
<indexState>Primary Constraint</indexState>
<isSurrogateKey>false</isSurrogateKey>
<indexColumnUsage>
<colUsage columnID="6CEC7491-4FE5-A28D-E419-9A135DC9F2E9"/>
<colUsage columnID="819D8EDB-153C-55BB-EEFB-367851FF9379"/>
</indexColumnUsage>
</ind_PK_UK>
<ind_PK_UK id="41883603-4C8D-58DC-73F0-015CB257B676" name="MenuList_Restaurant_FK">
<createdBy>Administrator</createdBy>
<createdTime>2016-11-09 01:29:26 UTC</createdTime>
<ownerDesignName>DB모델링</ownerDesignName>
<indexState>Foreign Key</indexState>
<isSurrogateKey>false</isSurrogateKey>
<indexColumnUsage>
<colUsage columnID="6CEC7491-4FE5-A28D-E419-9A135DC9F2E9"/>
</indexColumnUsage>
</ind_PK_UK>
</indexes>
</Table>