<?xml version = '1.0' encoding = 'UTF-8'?>
<Diagram class="oracle.dbtools.crest.swingui.relational.DPVRelational" name="Relational_2" id="3A526A00-9624-955B-A239-8BA81ECEAA2B">
<createdBy>Hallu</createdBy>
<modifiedBy>Hallu</modifiedBy>
<createdTime>2016-11-08 12:43:18 UTC</createdTime>
<autoRoute>false</autoRoute>
<boxInbox>true</boxInbox>
<showLegend>false</showLegend>
<showLabels>false</showLabels>
<showRelAttributes>false</showRelAttributes>
<gridEnabled>false</gridEnabled>
<showGrid>false</showGrid>
<diagramColor>-1</diagramColor>
<display>false</display>
<notation>1</notation>
<objectViews>
<OView class="oracle.dbtools.crest.swingui.relational.TVTable" oid="0AD6D749-A82C-4FAD-B7B9-4402CC874D78" otype="Table" vid="870D6AA2-8088-2B24-F79D-043032D6B257">
<hideElementsInCurrentOnly>false</hideElementsInCurrentOnly>
<bounds x="69" y="205" width="189" height="204"/>
</OView>
<OView class="oracle.dbtools.crest.swingui.relational.TVTable" oid="220B488A-5D87-5798-7F15-C3E569FF606B" otype="Table" vid="14CBFCA5-1AE2-557C-9425-6016CFD08A35">
<hideElementsInCurrentOnly>false</hideElementsInCurrentOnly>
<bounds x="813" y="435" width="218" height="174"/>
</OView>
<OView class="oracle.dbtools.crest.swingui.relational.TVTable" oid="30325B2B-4C64-83BA-14D5-83EE1FE7374E" otype="Table" vid="E6322795-7BD8-AF12-30CB-7610934EC787">
<hideElementsInCurrentOnly>false</hideElementsInCurrentOnly>
<bounds x="530" y="304" width="193" height="168"/>
</OView>
<OView class="oracle.dbtools.crest.swingui.relational.TVTable" oid="32556843-3803-3081-145A-6FB33E053A41" otype="Table" vid="6A275FD5-414F-14B3-DAF2-355CFF56CC83">
<hideElementsInCurrentOnly>false</hideElementsInCurrentOnly>
<bounds x="522" y="93" width="204" height="159"/>
</OView>
<OView class="oracle.dbtools.crest.swingui.relational.TVTable" oid="569A21FE-146D-09E5-3F3C-9E7FABD7E47B" otype="Table" vid="41B6C442-EF38-3094-3F1D-CE1992092CF4">
<hideElementsInCurrentOnly>false</hideElementsInCurrentOnly>
<bounds x="313" y="335" width="160" height="114"/>
</OView>
<OView class="oracle.dbtools.crest.swingui.relational.TVTable" oid="5D95806B-9E22-1477-160F-C785BFECFE6E" otype="Table" vid="21AC42F2-1EBB-1889-65CD-48E4F5B92062">
<hideElementsInCurrentOnly>false</hideElementsInCurrentOnly>
<bounds x="808" y="218" width="196" height="159"/>
</OView>
<OView class="oracle.dbtools.crest.swingui.relational.TVTable" oid="796F58C6-D466-B23D-7238-40CC6DD9A9FC" otype="Table" vid="34D10B1B-E372-5524-5298-B3156DA4749C">
<hideElementsInCurrentOnly>false</hideElementsInCurrentOnly>
<bounds x="536" y="553" width="191" height="159"/>
</OView>
<OView class="oracle.dbtools.crest.swingui.relational.TVTable" oid="D4EA636E-DC56-7056-921C-AC3E82DF2122" otype="Table" vid="8B8F80B0-9555-97E4-2B92-5F403C13ABE1">
<hideElementsInCurrentOnly>false</hideElementsInCurrentOnly>
<bounds x="78" y="457" width="191" height="174"/>
</OView>
</objectViews>
<connectors>
<Connector class="oracle.dbtools.crest.swingui.relational.TVFKRelation" oid="0683680D-6D07-4CD6-12EC-10EB3B1201F8" otype="FKIndexAssociation" vid_source="E6322795-7BD8-AF12-30CB-7610934EC787" vid_target="34D10B1B-E372-5524-5298-B3156DA4749C">
<hideElementsInCurrentOnly>false</hideElementsInCurrentOnly>
<lineWidth>1</lineWidth>
<points>
<point x="629" y="472"/>
<point x="629" y="553"/>
</points>
</Connector>
<Connector class="oracle.dbtools.crest.swingui.relational.TVFKRelation" oid="2A72907B-9581-FB8D-1FF3-BA3BD21D36DD" otype="FKIndexAssociation" vid_source="E6322795-7BD8-AF12-30CB-7610934EC787" vid_target="41B6C442-EF38-3094-3F1D-CE1992092CF4">
<hideElementsInCurrentOnly>false</hideElementsInCurrentOnly>
<lineWidth>1</lineWidth>
<points>
<point x="530" y="379"/>
<point x="473" y="378"/>
</points>
</Connector>
<Connector class="oracle.dbtools.crest.swingui.relational.TVFKRelation" oid="33C5D5ED-3A6B-D5C9-866D-255FA0BC6942" otype="FKIndexAssociation" vid_source="E6322795-7BD8-AF12-30CB-7610934EC787" vid_target="8B8F80B0-9555-97E4-2B92-5F403C13ABE1">
<hideElementsInCurrentOnly>false</hideElementsInCurrentOnly>
<lineWidth>1</lineWidth>
<points>
<point x="530" y="470"/>
<point x="269" y="469"/>
</points>
</Connector>
<Connector class="oracle.dbtools.crest.swingui.relational.TVFKRelation" oid="3FF41394-EF1D-3311-1463-CEC9A21B41BA" otype="FKIndexAssociation" vid_source="21AC42F2-1EBB-1889-65CD-48E4F5B92062" vid_target="14CBFCA5-1AE2-557C-9425-6016CFD08A35">
<hideElementsInCurrentOnly>false</hideElementsInCurrentOnly>
<lineWidth>1</lineWidth>
<points>
<point x="901" y="377"/>
<point x="902" y="435"/>
</points>
</Connector>
<Connector class="oracle.dbtools.crest.swingui.relational.TVFKRelation" oid="45E8462F-848A-F36A-8C6B-B4D055CC1339" otype="FKIndexAssociation" vid_source="E6322795-7BD8-AF12-30CB-7610934EC787" vid_target="6A275FD5-414F-14B3-DAF2-355CFF56CC83">
<hideElementsInCurrentOnly>false</hideElementsInCurrentOnly>
<lineWidth>1</lineWidth>
<points>
<point x="626" y="304"/>
<point x="626" y="252"/>
</points>
</Connector>
<Connector class="oracle.dbtools.crest.swingui.relational.TVFKRelation" oid="590BFE1C-5E35-00CE-CE8D-EBD004D40C41" otype="FKIndexAssociation" vid_source="870D6AA2-8088-2B24-F79D-043032D6B257" vid_target="8B8F80B0-9555-97E4-2B92-5F403C13ABE1">
<hideElementsInCurrentOnly>false</hideElementsInCurrentOnly>
<lineWidth>1</lineWidth>
<points>
<point x="163" y="409"/>
<point x="163" y="457"/>
</points>
</Connector>
<Connector class="oracle.dbtools.crest.swingui.relational.TVFKRelation" oid="76483DAA-8D16-64C3-EE6B-FD7C94C67ACA" otype="FKIndexAssociation" vid_source="E6322795-7BD8-AF12-30CB-7610934EC787" vid_target="870D6AA2-8088-2B24-F79D-043032D6B257">
<hideElementsInCurrentOnly>false</hideElementsInCurrentOnly>
<lineWidth>1</lineWidth>
<points>
<point x="530" y="313"/>
<point x="258" y="313"/>
</points>
</Connector>
<Connector class="oracle.dbtools.crest.swingui.relational.TVFKRelation" oid="974DEAC6-2A17-F9C5-4030-998A6C925134" otype="FKIndexAssociation" vid_source="E6322795-7BD8-AF12-30CB-7610934EC787" vid_target="14CBFCA5-1AE2-557C-9425-6016CFD08A35">
<hideElementsInCurrentOnly>false</hideElementsInCurrentOnly>
<lineWidth>1</lineWidth>
<points>
<point x="723" y="458"/>
<point x="813" y="459"/>
</points>
</Connector>
<Connector class="oracle.dbtools.crest.swingui.relational.TVFKRelation" oid="A193B736-45DA-58DE-A4A0-02062BA33ACA" otype="FKIndexAssociation" vid_source="870D6AA2-8088-2B24-F79D-043032D6B257" vid_target="41B6C442-EF38-3094-3F1D-CE1992092CF4">
<hideElementsInCurrentOnly>false</hideElementsInCurrentOnly>
<lineWidth>1</lineWidth>
<points>
<point x="258" y="374"/>
<point x="313" y="375"/>
</points>
</Connector>
<Connector class="oracle.dbtools.crest.swingui.relational.TVFKRelation" oid="A8B32C4F-5243-4519-C18A-E66C32EEA9D5" otype="FKIndexAssociation" vid_source="E6322795-7BD8-AF12-30CB-7610934EC787" vid_target="21AC42F2-1EBB-1889-65CD-48E4F5B92062">
<hideElementsInCurrentOnly>false</hideElementsInCurrentOnly>
<lineWidth>1</lineWidth>
<points>
<point x="723" y="340"/>
<point x="808" y="340"/>
</points>
</Connector>
<Connector class="oracle.dbtools.crest.swingui.relational.TVFKRelation" oid="C30EC7B8-1A56-4C93-527B-E1F3CF64D269" otype="FKIndexAssociation" vid_source="870D6AA2-8088-2B24-F79D-043032D6B257" vid_target="6A275FD5-414F-14B3-DAF2-355CFF56CC83">
<hideElementsInCurrentOnly>false</hideElementsInCurrentOnly>
<lineWidth>1</lineWidth>
<points>
<point x="258" y="228"/>
<point x="522" y="228"/>
</points>
</Connector>
</connectors>
</Diagram>