<?xml version = '1.0' encoding = 'UTF-8'?>
<FKIndexAssociation class="oracle.dbtools.crest.model.design.relational.FKIndexAssociation" directorySegmentName="seg_0" id="37FBE9B4-6E6C-9315-5225-E80A2AECB383" containerWithKeyObject="5148638D-1008-4685-8305-9B05F5A5F1B1" localFKIndex="3FB6DEA1-43DB-52A6-0DE5-94D0AC776E5B" name="photoboard_member_FK">
<createdBy>Administrator</createdBy>
<createdTime>2016-10-26 03:26:36 UTC</createdTime>
<ownerDesignName>DB모델링</ownerDesignName>
<deleteRule>NO ACTION</deleteRule>
<referredTableID>82C26377-2E32-3E0C-0399-FCF9B3B279FA</referredTableID>
<keyObject>22718A7A-8E1A-FD15-900B-BEF997B0C342</keyObject>
<referredKeyID>22718A7A-8E1A-FD15-900B-BEF997B0C342</referredKeyID>
<mandatory>true</mandatory>
<transferable>true</transferable>
<rely>false</rely>
<columnDependencyConstraintGenerateInDDL>true</columnDependencyConstraintGenerateInDDL>
</FKIndexAssociation>