<?xml version = '1.0' encoding = 'UTF-8'?>
<relationalModel class="oracle.dbtools.crest.model.design.relational.RelationalDesign" name="Relational_1" id="8E1FD427-7627-18CC-1074-5EE8634E4FCD" mainViewID="E6E50348-0B23-170C-5DF4-91501835EF0B">
<createdBy>Administrator</createdBy>
<createdTime>2016-10-26 00:29:54 UTC</createdTime>
<ownerDesignName>DB모델링</ownerDesignName>
<shouldBeOpen>true</shouldBeOpen>
<selectedRDBMSSite>32076570-2523-435C-2E92-BF29817DFF70</selectedRDBMSSite>
</relationalModel>